Name,Description,Rating,Reviews,Launched Date,Categories,Support Email
Beae ‑ Landing Page Builder ," Create pages and build up your stores to boost sales with a powerful page builder  Beae allows you more flexibility on individual pages and areas within your theme that you can’t customize within your Shopify theme settings. We help save developer hiring expenses with our library of elements and pre-made templates. Add bonus pages, like FAQs, “Contact Info” or “About Us”. Design mobile responsive & SEO-optimized landing pages, homepages, product pages, collections, and blog posts. Build sections to add your existing pages. Try Beae for free now!   Beae allows you more flexibility on individual pages and areas within your theme that you can’t customize within your Shopify theme settings. We help save developer hiring expenses with our library of elements and pre-made templates. Add bonus pages, like FAQs, “Contact Info” or “About Us”. Design mobile responsive & SEO-optimized landing pages, homepages, product pages, collections, and blog posts. Build sections to add your existing pages. Try Beae for free now!  more         Easy-to-use drag-and-drop page builder, popup builder, theme section builder         Optimized for mobile devices & automatically SEO suggestion         400+ templates and 65+ elements like image comparison, breadcrumb, text marquee         Integrated with 95 apps, multi-language support, support all Shopify themes         24/7 chat support available on free plan    ",Rating (5),204,"November 22, 2021
          ·","Page builder, SEO, Page builder, SEO",support@beae.com
"K: Bundle Builder, Combo "," Kaktus Bundle makes it easy to create effective product bundles and bundle builders.  Kaktus is super easy to use, set up, and see an instant boost in conversions.
If you’re looking to boost your sales we know how! Create a conversion bundle, set trigger criteria, and customize your funnels to increase AOV. 

When the customer opens the product page, they will also see the products that are included in your bundle, pointing them to the discount, and an \""add to cart\"" button for the bundle product. All products will be added to the customer shopping cart in one click!   Kaktus is super easy to use, set up, and see an instant boost in conversions.
If you’re looking to boost your sales we know how! Create a conversion bundle, set trigger criteria, and customize your funnels to increase AOV. 

When the customer opens the product page, they will also see the products that are included in your bundle, pointing them to the discount, and an \""add to cart\"" button for the bundle product. All products will be added to the customer shopping cart in one click!  more         Turn Visitors into Buyers         Increase Your AOV         Multiple types of Bundles         Sales bundles floating pop-ups, inline and pop-ups         Offer bundles to your customers    ",Rating (4.9),79,"April 5, 2022","Product bundles, Recommended products, Product bundles, Recommended products",+380930008893
K: Daily Deals|Checkout Sales ," Make more money from the same traffic by using non-intrusive up-sell offers and cross-sell offers  Kaktus is an easy-to-use platform that helps you increase your average order value without making your customers go through Checkout or re-enter any information.
You can start seeing results in minutes, and our built-in split testing makes it easy to find what works best for your store. Is the perfect tool for anyone looking to increase their online revenue quickly and easily. Increasing your AOV is one of the most effective ways to boost your revenue without needing to increase your traffic.   Kaktus is an easy-to-use platform that helps you increase your average order value without making your customers go through Checkout or re-enter any information.
You can start seeing results in minutes, and our built-in split testing makes it easy to find what works best for your store. Is the perfect tool for anyone looking to increase their online revenue quickly and easily. Increasing your AOV is one of the most effective ways to boost your revenue without needing to increase your traffic.  more         One Click Upsell         In Cart Upsell         Post Purchase Upsell         Checkout Booster         Monster Upsell    ",Rating (4.8),17,"December 16, 2021","One-click checkout, Upselling and cross-selling, One-click checkout, Upselling and cross-selling",0930008893
MerchMixer ‑ US Dropshipping ," MerchMixer\'s automated dropshipping with one-click product importing offers 500K+ top products.  MerchMixer offers 500,000+ top dropship products. Unlimited Products Imports and Orders. Access high-quality dropship products, including apparel, consumer electronics, jewelry, and sunglasses. The app features include one-click product importing saving you time and clicks. Quickly search and filter for products across any product category. Execute all the MerchMixer app workflows right from your Shopify Admin. Scale up your dropship operation with no inventory risk via MerchMixer.   MerchMixer offers 500,000+ top dropship products. Unlimited Products Imports and Orders. Access high-quality dropship products, including apparel, consumer electronics, jewelry, and sunglasses. The app features include one-click product importing saving you time and clicks. Quickly search and filter for products across any product category. Execute all the MerchMixer app workflows right from your Shopify Admin. Scale up your dropship operation with no inventory risk via MerchMixer.  more         500,000+ Top Dropshipping Products with Simple Landed Cost Pricing         Unlimited Imports and Unlimited Orders         World-Class Customer Service with Quick Response Times    ",Rating (4.4),222,"September 8, 2020","Dropshipping, Dropshipping",1-602-755-3958
Shopaw Order Tagger ," Auto order tag management tool, meet all your scenarios.  1. Auto tagging orders
Free up your productivity No need to manually type labels one by one.
2. 30+ built-in workflow templates
No complicated setup is required Newbies can use it immediately
3. Customized personalized workflows
Only 3 steps , you can customize special tags for orders.   1. Auto tagging orders
Free up your productivity No need to manually type labels one by one.
2. 30+ built-in workflow templates
No complicated setup is required Newbies can use it immediately
3. Customized personalized workflows
Only 3 steps , you can customize special tags for orders.  more         Preset templates help create a workflow that tag order as a first-time customer.         Customize a specific workflow in just 3 steps. Then orders will be tagger.         Use order tags for efficient sorting and dispatch. Save more time and staff.    ",Rating (4.7),4,"January 18, 2022","Order tagger, Order tagger",kun@altgotech.com
K‑GOODS ," Do not search here and there to find popular Korean products. 
It\'s in the K-GOODS app.  Are you looking for products to sell online? Find latest Korean products with K-GOODS!

K-GOODS is a drop shipping app that helps you immediately sell trending Korean products on your store.

Orders are quickly processed and all suppliers release products from Korea. Of course, the products’ quality is guaranteed.

You do not have to worry about any problems with packaging, shipping, selling and your business growth. We got you!   Are you looking for products to sell online? Find latest Korean products with K-GOODS!

K-GOODS is a drop shipping app that helps you immediately sell trending Korean products on your store.

Orders are quickly processed and all suppliers release products from Korea. Of course, the products’ quality is guaranteed.

You do not have to worry about any problems with packaging, shipping, selling and your business growth. We got you!  more         You can find products and add them to your store with just one click.         All K-GOODS suppliers are curated with products from Korean brands.         With K-GOODS, you can directly ship items from Korea to your customer.    ",Rating (1),1,"August 31, 2020","Dropshipping, Dropshipping",kgoodsapp@gmail.com
TSE (KassenSichV) ," Record and export point of sale (POS) transactions to comply with KassenSichV regulation.  The Kassensicherungsverordnung (KassenSichV) requires German retailers with tax obligations to connect their electronic cash registers to a technical security system (TSE) and report all POS transactions. This app is a cloud TSE solution and is certified as compliant by the GoBD. To comply with KassenSichV regulation, use this app to record and export POS transaction data. The data, which comes directly from Shopify’s unaltered database, can be shared with your local tax office if required.   The Kassensicherungsverordnung (KassenSichV) requires German retailers with tax obligations to connect their electronic cash registers to a technical security system (TSE) and report all POS transactions. This app is a cloud TSE solution and is certified as compliant by the GoBD. To comply with KassenSichV regulation, use this app to record and export POS transaction data. The data, which comes directly from Shopify’s unaltered database, can be shared with your local tax office if required.  more         Activate TSE per retail location and record transactions. Deactivate at any time         Quickly export data for any location where TSE is active         Receive a ZIP file sent to your email address for easy access and sharing         Includes DSFinV-K, TSE certificates, and transactional data made through Shopify         TSE data appears on printed receipts for auditor checks    ",Rating (1.7),6,"March 22, 2021","Legal, Taxes, Legal, Taxes",support@shopify.com
Labelbot ," Print address labels direct from your orders list.  Perfect for local deliveries and self-shippers, this app allows you to easily select your addresses, information to display, and print out labels directly from your Shopify orders list. Labelbot automatically formats addresses within Shopify to make printing your mail outs  quick and easy. No more copy and pasting or writing out addresses by hand. Compatible with standard Avery labels and easily customizable to fit printer label sheet format.   Perfect for local deliveries and self-shippers, this app allows you to easily select your addresses, information to display, and print out labels directly from your Shopify orders list. Labelbot automatically formats addresses within Shopify to make printing your mail outs  quick and easy. No more copy and pasting or writing out addresses by hand. Compatible with standard Avery labels and easily customizable to fit printer label sheet format.  more         Easy to select and print orders         Customize customer information on the label         Compatible with all Avery templates         Print preview your labels directly in Shopify    ",Rating (5),1,"April 8, 2020","Shipping labels, Shipping labels",support@labelbot.atlassian.net
"ShipAny: Ship, Label, Tracking "," ShipAny, smart logistics gateway for e-commerce, now serves 4000+ merchants in Hong Kong and Asia.  ShipAny one-stop logistics SaaS platform interconnects multiple e-commerce platforms to multiple logistics service providers (including SF Express, Kerry Express, Jumppoint, Lalamove, Zeek, Havi Cold-Chain, alfred24, Hongkong Post, SF Locker, Circle-K Convenience Store, UPS, SingPost, Quantium Solutions etc.), so that merchants can enjoy full-set features of logistics automation for e-commerce platform which disrupt the manual logistics process and bring e-commerce to the new generation.   ShipAny one-stop logistics SaaS platform interconnects multiple e-commerce platforms to multiple logistics service providers (including SF Express, Kerry Express, Jumppoint, Lalamove, Zeek, Havi Cold-Chain, alfred24, Hongkong Post, SF Locker, Circle-K Convenience Store, UPS, SingPost, Quantium Solutions etc.), so that merchants can enjoy full-set features of logistics automation for e-commerce platform which disrupt the manual logistics process and bring e-commerce to the new generation.  more         Instantly Register, Top-up & Connect Multiple Logistics Service Providers         Diversified Logistics: Door-to-door, Smart Locker, Cold-chain, International         Logistics Automation: Quote Rate, Submit Order, Request Pickup, Print Waybill         Locker Listing at Checkout: Show Smart Locker & Self Pick-up Points at Checkout         Order Fulfillment: Mark Shopify Order Fulfilled with Tracking URL Automatically    ",Rating (4.8),10,"August 31, 2021","Shipping labels, Fulfilling orders - Other, Shipping labels, Fulfilling orders - Other",info@shipany.io
RMSify ,"   RMSify makes it easy for retailers using Microsoft Dynamics RMS to start trading online without the expense and risk associated with fully integrated solutions.

RMSify can be installed quickly and easily, and configured with a minimal amount of fuss, all without the need for an expensive consultant, or detailed technical knowledge of RMS or Shopify. If you can use RMS, you can use RMSify.

Using RMSify means you have total integration of your products across your sales channels. Items...   RMSify makes it easy for retailers using Microsoft Dynamics RMS to start trading online without the expense and risk associated with fully integrated solutions.

RMSify can be installed quickly and easily, and configured with a minimal amount of fuss, all without the need for an expensive consultant, or detailed technical knowledge of RMS or Shopify. If you can use RMS, you can use RMSify.

Using RMSify means you have total integration of your products across your sales channels. Items...  more    ",Rating (5),8,"January 25, 2013","Inventory tracking, Inventory sync, Inventory tracking, Inventory sync",support@k3retail.com
KOREALY‑Dropship Korea Items ," Dropshipping KOREA BRANDS & PRODUCTS  Korealy is a platform that makes it easy to find various products from Korea(South) and add them to your online store. Korealy is the special app to dropship HIGH-QUALITY KOREA(South) BRANDS and PRODUCTS.

With Korealy, you can access a huge variety of Korea(South) brands and products with just a few clicks - from beauty, toy, fashion, entertainment(K-pop), food to the next trending products. All the products are 100% authentic guaranteed.   Korealy is a platform that makes it easy to find various products from Korea(South) and add them to your online store. Korealy is the special app to dropship HIGH-QUALITY KOREA(South) BRANDS and PRODUCTS.

With Korealy, you can access a huge variety of Korea(South) brands and products with just a few clicks - from beauty, toy, fashion, entertainment(K-pop), food to the next trending products. All the products are 100% authentic guaranteed.  more         Dropshipping High-quality Korea(South) Brands and Products with fast-shipping.         We pick, pack, ship, and provide customer service for all products.         We will give it to you at wholesale price.         Worldwide Shipping Service         Offer media of packing process    ",Rating (2.9),5,"March 11, 2021","Dropshipping, Dropshipping",hello@korealy.co
Kakaclo ‑Clothing Dropshipping ," Clothing B2B Marketplace. Thousands of products from hundreds of Verified China/US Suppliers  KakaClo provides professional dropshipping and a customization service with its own factory and integrated supply chain. We have Everything you need to build a growing business   KakaClo provides professional dropshipping and a customization service with its own factory and integrated supply chain. We have Everything you need to build a growing business  more         US Warehouse: Keep inventory on hand in the US, ready to ship out to customers!         Hassle Free: Automatically place Dropshipping orders and provide tracking info.         Various Style: Over 1,000,000 SKUs are Available and updated on a daily base.    ",Rating (4.9),303,"January 25, 2022","Dropshipping, Finding suppliers, Dropshipping, Finding suppliers",support@kakaclo.com
Custom Reviews ," With Custom Reviews you can add custom built, unique forms to all products or static pages.  Build up your own form or use pre-built templates. Use it for product reviews, store feedback, contact form or any kind of forms you want.
Look of forms and reviews inherit the styles of your site. Or you can add custom styles for each element.
Customer feedbacks can help you to increase the sales of your products and achiveve higher customer satisfaction.   Build up your own form or use pre-built templates. Use it for product reviews, store feedback, contact form or any kind of forms you want.
Look of forms and reviews inherit the styles of your site. Or you can add custom styles for each element.
Customer feedbacks can help you to increase the sales of your products and achiveve higher customer satisfaction.  more         Easily customizable forms: build up your own form or use pre-built templates         Multi-purpose: use it for product reviews, store feedback, contact form or any k         Theme-friendly design: forms and reviews fits into your store’s design         Reviews from your customers: read, reply or moderate your reviews    ",Rating (3),4,"November 9, 2015","Product reviews, Product reviews",support@customreviews.net
Kaching Bundle Quantity Breaks ," Create volume discount bundles in your product page to increase average order value and sell more.  Boost your sales with our bundle discount app. Easily create tiered pricing options and publish them to your selected product pages. Our app is designed to fit every store and we’re constantly adding new features. Unlike other apps which use draft orders or generate discount codes, our app uses Shopify Functions which results in the best user experience for you and your buyers.   Boost your sales with our bundle discount app. Easily create tiered pricing options and publish them to your selected product pages. Our app is designed to fit every store and we’re constantly adding new features. Unlike other apps which use draft orders or generate discount codes, our app uses Shopify Functions which results in the best user experience for you and your buyers.  more         Select which products or collections are eligible for volume discount.         Discount can be set in percentage, dollar discount or specific price.         Adjust the colors and styling to match your store\'s look & feel.         See how much additional revenue this app generated in the dashboard.         Shopify native user friendly experience & helpful live customer support.    ",Rating (5),127,"August 11, 2022","Product bundles, Buy one, get one (BOGO), Product bundles, Buy one, get one (BOGO)",rt5vdppa@kaching-appz.intercom-mail.com
Kaktus ‑ PreOrder Now Presale ," Increase your website\'s revenue by selling products even when they’re out of stock  Replace the default annoying \""Out of Stock\"" button with an inviting \""Pre-Order\"" button. Pre-sell products even when they’re out of stock or coming soon. It\'s, enhances selling, and makes a better customer experience. Customers like to make pre-orders for their favorite products which are out of stock or coming soon. Create hype around new product launches by offering them available for pre-order. Allow your customers to buy products before they become available, and increase your AOV.   Replace the default annoying \""Out of Stock\"" button with an inviting \""Pre-Order\"" button. Pre-sell products even when they’re out of stock or coming soon. It\'s, enhances selling, and makes a better customer experience. Customers like to make pre-orders for their favorite products which are out of stock or coming soon. Create hype around new product launches by offering them available for pre-order. Allow your customers to buy products before they become available, and increase your AOV.  more         Continue selling of out-of-stock products with “Pre-Order & PreSale” buttons         Simple campaign setup & installation in just a few clicks         Track revenue and AOV with powerful analytics         Improve customer experience by not interrupting selling if items are unavailable         Fully customizable templates to suit your store    ",Rating (5),148,"June 22, 2022","Pre-orders, Back in stock alert, Pre-orders, Back in stock alert",+380930008893
Kacha Delete Products In Bulk ," Quickly delete products automatically!  Simple and easy to use, automatically delete products according to your conditions, no longer need to click one by one, safe and efficient!   Simple and easy to use, automatically delete products according to your conditions, no longer need to click one by one, safe and efficient!  more         Multiple criteria to delete products         Fully automatic product removal         Simple functions and user-friendly interface    ",Rating (4.9),41,"September 9, 2021","Bulk editor, Bulk editor",happyxlq@gmail.com
Kava Sections: Page Builder ," Professionally designed theme sections. No-code landing page builder.  Kava Sections is a library of hand-crafted, professionally designed sections and landing page editor you can use on any theme page. The app is a smart solution to improve the current theme by easily adding well-designed sections to increase the conversion rates that will stand your store out from competitors. 

Kava Sections turns a complex design and development cycle from weeks to hours giving you the freedom to design store pages that match your brand identity.   Kava Sections is a library of hand-crafted, professionally designed sections and landing page editor you can use on any theme page. The app is a smart solution to improve the current theme by easily adding well-designed sections to increase the conversion rates that will stand your store out from competitors. 

Kava Sections turns a complex design and development cycle from weeks to hours giving you the freedom to design store pages that match your brand identity.  more         All sections are built considering marketing needs & easily customizable.         Adds ready-to-use sections to your pages to improve the theme layout.         Use well-designed sections to promote brand value proposition.         Showcase your bestsellers, introduce the team and partners to build trust.    ",Rating (4.8),9,"August 9, 2022","Page builder, Store pages - Other, Page builder, Store pages - Other",+48735647235
Kickflip ‑ Customize Products ," Endless customization possibilities in a stunning visual buying experience. Top rated app on G2.  Allow your customers to add color variants, text, images or any component options to any kind of custom product. Help them visualize the unlimited product variants you may offer with a live preview displayed in multiple perspectives. For simple to complex customizations, Kickflip is the most user-friendly customizer. Empower your customers creativity, increase their engagement & boost conversions with the best product personalizer experience.   Allow your customers to add color variants, text, images or any component options to any kind of custom product. Help them visualize the unlimited product variants you may offer with a live preview displayed in multiple perspectives. For simple to complex customizations, Kickflip is the most user-friendly customizer. Empower your customers creativity, increase their engagement & boost conversions with the best product personalizer experience.  more         Text & image personalization : add text, fonts, image, logo on the product         Multi-component: Add/remove or customize pieces of a product in a live preview         Dynamic pricing: Different price per options & view a live update of total price         High-quality previews: Real-time product preview within multiple perspectives         Live coloring: Apply colors dynamically on customizable areas of your product    ",Rating (4.9),60,"February 12, 2020","Product options, Product display - Other, Product options, Product display - Other",1-888-340-8428
Keeper—Recover Abandoned Carts ," Increase sales by remembering customers’ abandoned shopping cart details across multiple devices.  Recover carts and increase sales.
With Keeper, customers who login across multiple devices will find their shopping cart waiting for them, ready to complete their order.

How does it work?
When a customer who has started shopping on one device (i.e. their mobile), logs into your store on another device (i.e. their laptop), they’ll find their shopping cart waiting for them. This makes it easy to complete their order, resulting in more sales for your store.

Recover more abandoned carts today!   Recover carts and increase sales.
With Keeper, customers who login across multiple devices will find their shopping cart waiting for them, ready to complete their order.

How does it work?
When a customer who has started shopping on one device (i.e. their mobile), logs into your store on another device (i.e. their laptop), they’ll find their shopping cart waiting for them. This makes it easy to complete their order, resulting in more sales for your store.

Recover more abandoned carts today!  more         Increase revenue: Keeper reduces abandoned shopping carts and increases orders.         Set and forget: Simply install and Keeper will recover carts automatically.         Seamless or customer: Keeper makes shopping across multiple devices easy.    ",Rating (4.3),507,"November 8, 2016","Cart modification, Cart modification",support@recovermycart.com
Kable Digital Products ," Start selling your digital products today - it\'s easy, secure, and trusted by hundreds of shops!  Start making money with digital products today! It\'s a low-cost, low-risk way to experiment and create multiple streams of income. Our platform makes it easy to sell a wide range of digital products: photography, music, courses, ebooks, PDFs, tutorials, digital art, printables, online memberships, software, vouchers, recipes, apps, podcasts, videos and films, photo effects, audiobooks, research and data, guides, templates, Procreate brushes, fitness classes, yoga classes, and much more.   Start making money with digital products today! It\'s a low-cost, low-risk way to experiment and create multiple streams of income. Our platform makes it easy to sell a wide range of digital products: photography, music, courses, ebooks, PDFs, tutorials, digital art, printables, online memberships, software, vouchers, recipes, apps, podcasts, videos and films, photo effects, audiobooks, research and data, guides, templates, Procreate brushes, fitness classes, yoga classes, and much more.  more         Sell any digital product, anywhere - license keys, vouchers, streaming, & more.         Own your brand. Keep your brand, customize beautiful templates, no-code setup.         Custom and personalized digital files downloads for each order.         Limit downloads and access time. Secure with access code or license key.         Securely stream audio/video in the browser if your products require it    ",Rating (5),13,"July 21, 2020","Digital downloads, Digital downloads",digital.products@kablecommerce.com
Kaching Custom Cursor ,"   Personalize your store with custom cursor and stand out from most of websites. Leave a memobrable impression to your customers so they could easily recognize your brand.

We help you do it by providing more than 100 custom cursors to choose from and even letting you upload a custom cursor yourself. Let\'s be honest, default cursors are boring, so if you are trying to stand out with fun and personalized theme, do not forget to add a custom cursor as well.

The installation and the app itself is...   Personalize your store with custom cursor and stand out from most of websites. Leave a memobrable impression to your customers so they could easily recognize your brand.

We help you do it by providing more than 100 custom cursors to choose from and even letting you upload a custom cursor yourself. Let\'s be honest, default cursors are boring, so if you are trying to stand out with fun and personalized theme, do not forget to add a custom cursor as well.

The installation and the app itself is...  more    ",Rating (5),7,"March 31, 2022","Page enhancements - Other, Page enhancements - Other",support@kachingappz.zendesk.com
Beae ‑ Landing Page Builder ," Create pages and build up your stores to boost sales with a powerful page builder  Beae allows you more flexibility on individual pages and areas within your theme that you can’t customize within your Shopify theme settings. We help save developer hiring expenses with our library of elements and pre-made templates. Add bonus pages, like FAQs, “Contact Info” or “About Us”. Design mobile responsive & SEO-optimized landing pages, homepages, product pages, collections, and blog posts. Build sections to add your existing pages. Try Beae for free now!   Beae allows you more flexibility on individual pages and areas within your theme that you can’t customize within your Shopify theme settings. We help save developer hiring expenses with our library of elements and pre-made templates. Add bonus pages, like FAQs, “Contact Info” or “About Us”. Design mobile responsive & SEO-optimized landing pages, homepages, product pages, collections, and blog posts. Build sections to add your existing pages. Try Beae for free now!  more         Easy-to-use drag-and-drop page builder, popup builder, theme section builder         Optimized for mobile devices & automatically SEO suggestion         400+ templates and 65+ elements like image comparison, breadcrumb, text marquee         Integrated with 95 apps, multi-language support, support all Shopify themes         24/7 chat support available on free plan    ",Rating (5),204,"November 22, 2021
          ·","Page builder, SEO, Page builder, SEO",support@beae.com
"K: Bundle Builder, Combo "," Kaktus Bundle makes it easy to create effective product bundles and bundle builders.  Kaktus is super easy to use, set up, and see an instant boost in conversions.
If you’re looking to boost your sales we know how! Create a conversion bundle, set trigger criteria, and customize your funnels to increase AOV. 

When the customer opens the product page, they will also see the products that are included in your bundle, pointing them to the discount, and an \""add to cart\"" button for the bundle product. All products will be added to the customer shopping cart in one click!   Kaktus is super easy to use, set up, and see an instant boost in conversions.
If you’re looking to boost your sales we know how! Create a conversion bundle, set trigger criteria, and customize your funnels to increase AOV. 

When the customer opens the product page, they will also see the products that are included in your bundle, pointing them to the discount, and an \""add to cart\"" button for the bundle product. All products will be added to the customer shopping cart in one click!  more         Turn Visitors into Buyers         Increase Your AOV         Multiple types of Bundles         Sales bundles floating pop-ups, inline and pop-ups         Offer bundles to your customers    ",Rating (4.9),79,"April 5, 2022","Product bundles, Recommended products, Product bundles, Recommended products",+380930008893
K: Daily Deals|Checkout Sales ," Make more money from the same traffic by using non-intrusive up-sell offers and cross-sell offers  Kaktus is an easy-to-use platform that helps you increase your average order value without making your customers go through Checkout or re-enter any information.
You can start seeing results in minutes, and our built-in split testing makes it easy to find what works best for your store. Is the perfect tool for anyone looking to increase their online revenue quickly and easily. Increasing your AOV is one of the most effective ways to boost your revenue without needing to increase your traffic.   Kaktus is an easy-to-use platform that helps you increase your average order value without making your customers go through Checkout or re-enter any information.
You can start seeing results in minutes, and our built-in split testing makes it easy to find what works best for your store. Is the perfect tool for anyone looking to increase their online revenue quickly and easily. Increasing your AOV is one of the most effective ways to boost your revenue without needing to increase your traffic.  more         One Click Upsell         In Cart Upsell         Post Purchase Upsell         Checkout Booster         Monster Upsell    ",Rating (4.8),17,"December 16, 2021","One-click checkout, Upselling and cross-selling, One-click checkout, Upselling and cross-selling",0930008893
MerchMixer ‑ US Dropshipping ," MerchMixer\'s automated dropshipping with one-click product importing offers 500K+ top products.  MerchMixer offers 500,000+ top dropship products. Unlimited Products Imports and Orders. Access high-quality dropship products, including apparel, consumer electronics, jewelry, and sunglasses. The app features include one-click product importing saving you time and clicks. Quickly search and filter for products across any product category. Execute all the MerchMixer app workflows right from your Shopify Admin. Scale up your dropship operation with no inventory risk via MerchMixer.   MerchMixer offers 500,000+ top dropship products. Unlimited Products Imports and Orders. Access high-quality dropship products, including apparel, consumer electronics, jewelry, and sunglasses. The app features include one-click product importing saving you time and clicks. Quickly search and filter for products across any product category. Execute all the MerchMixer app workflows right from your Shopify Admin. Scale up your dropship operation with no inventory risk via MerchMixer.  more         500,000+ Top Dropshipping Products with Simple Landed Cost Pricing         Unlimited Imports and Unlimited Orders         World-Class Customer Service with Quick Response Times    ",Rating (4.4),222,"September 8, 2020","Dropshipping, Dropshipping",1-602-755-3958
Shopaw Order Tagger ," Auto order tag management tool, meet all your scenarios.  1. Auto tagging orders
Free up your productivity No need to manually type labels one by one.
2. 30+ built-in workflow templates
No complicated setup is required Newbies can use it immediately
3. Customized personalized workflows
Only 3 steps , you can customize special tags for orders.   1. Auto tagging orders
Free up your productivity No need to manually type labels one by one.
2. 30+ built-in workflow templates
No complicated setup is required Newbies can use it immediately
3. Customized personalized workflows
Only 3 steps , you can customize special tags for orders.  more         Preset templates help create a workflow that tag order as a first-time customer.         Customize a specific workflow in just 3 steps. Then orders will be tagger.         Use order tags for efficient sorting and dispatch. Save more time and staff.    ",Rating (4.7),4,"January 18, 2022","Order tagger, Order tagger",kun@altgotech.com
K‑GOODS ," Do not search here and there to find popular Korean products. 
It\'s in the K-GOODS app.  Are you looking for products to sell online? Find latest Korean products with K-GOODS!

K-GOODS is a drop shipping app that helps you immediately sell trending Korean products on your store.

Orders are quickly processed and all suppliers release products from Korea. Of course, the products’ quality is guaranteed.

You do not have to worry about any problems with packaging, shipping, selling and your business growth. We got you!   Are you looking for products to sell online? Find latest Korean products with K-GOODS!

K-GOODS is a drop shipping app that helps you immediately sell trending Korean products on your store.

Orders are quickly processed and all suppliers release products from Korea. Of course, the products’ quality is guaranteed.

You do not have to worry about any problems with packaging, shipping, selling and your business growth. We got you!  more         You can find products and add them to your store with just one click.         All K-GOODS suppliers are curated with products from Korean brands.         With K-GOODS, you can directly ship items from Korea to your customer.    ",Rating (1),1,"August 31, 2020","Dropshipping, Dropshipping",kgoodsapp@gmail.com
TSE (KassenSichV) ," Record and export point of sale (POS) transactions to comply with KassenSichV regulation.  The Kassensicherungsverordnung (KassenSichV) requires German retailers with tax obligations to connect their electronic cash registers to a technical security system (TSE) and report all POS transactions. This app is a cloud TSE solution and is certified as compliant by the GoBD. To comply with KassenSichV regulation, use this app to record and export POS transaction data. The data, which comes directly from Shopify’s unaltered database, can be shared with your local tax office if required.   The Kassensicherungsverordnung (KassenSichV) requires German retailers with tax obligations to connect their electronic cash registers to a technical security system (TSE) and report all POS transactions. This app is a cloud TSE solution and is certified as compliant by the GoBD. To comply with KassenSichV regulation, use this app to record and export POS transaction data. The data, which comes directly from Shopify’s unaltered database, can be shared with your local tax office if required.  more         Activate TSE per retail location and record transactions. Deactivate at any time         Quickly export data for any location where TSE is active         Receive a ZIP file sent to your email address for easy access and sharing         Includes DSFinV-K, TSE certificates, and transactional data made through Shopify         TSE data appears on printed receipts for auditor checks    ",Rating (1.7),6,"March 22, 2021","Legal, Taxes, Legal, Taxes",support@shopify.com
Labelbot ," Print address labels direct from your orders list.  Perfect for local deliveries and self-shippers, this app allows you to easily select your addresses, information to display, and print out labels directly from your Shopify orders list. Labelbot automatically formats addresses within Shopify to make printing your mail outs  quick and easy. No more copy and pasting or writing out addresses by hand. Compatible with standard Avery labels and easily customizable to fit printer label sheet format.   Perfect for local deliveries and self-shippers, this app allows you to easily select your addresses, information to display, and print out labels directly from your Shopify orders list. Labelbot automatically formats addresses within Shopify to make printing your mail outs  quick and easy. No more copy and pasting or writing out addresses by hand. Compatible with standard Avery labels and easily customizable to fit printer label sheet format.  more         Easy to select and print orders         Customize customer information on the label         Compatible with all Avery templates         Print preview your labels directly in Shopify    ",Rating (5),1,"April 8, 2020","Shipping labels, Shipping labels",support@labelbot.atlassian.net
"ShipAny: Ship, Label, Tracking "," ShipAny, smart logistics gateway for e-commerce, now serves 4000+ merchants in Hong Kong and Asia.  ShipAny one-stop logistics SaaS platform interconnects multiple e-commerce platforms to multiple logistics service providers (including SF Express, Kerry Express, Jumppoint, Lalamove, Zeek, Havi Cold-Chain, alfred24, Hongkong Post, SF Locker, Circle-K Convenience Store, UPS, SingPost, Quantium Solutions etc.), so that merchants can enjoy full-set features of logistics automation for e-commerce platform which disrupt the manual logistics process and bring e-commerce to the new generation.   ShipAny one-stop logistics SaaS platform interconnects multiple e-commerce platforms to multiple logistics service providers (including SF Express, Kerry Express, Jumppoint, Lalamove, Zeek, Havi Cold-Chain, alfred24, Hongkong Post, SF Locker, Circle-K Convenience Store, UPS, SingPost, Quantium Solutions etc.), so that merchants can enjoy full-set features of logistics automation for e-commerce platform which disrupt the manual logistics process and bring e-commerce to the new generation.  more         Instantly Register, Top-up & Connect Multiple Logistics Service Providers         Diversified Logistics: Door-to-door, Smart Locker, Cold-chain, International         Logistics Automation: Quote Rate, Submit Order, Request Pickup, Print Waybill         Locker Listing at Checkout: Show Smart Locker & Self Pick-up Points at Checkout         Order Fulfillment: Mark Shopify Order Fulfilled with Tracking URL Automatically    ",Rating (4.8),10,"August 31, 2021","Shipping labels, Fulfilling orders - Other, Shipping labels, Fulfilling orders - Other",info@shipany.io
RMSify ,"   RMSify makes it easy for retailers using Microsoft Dynamics RMS to start trading online without the expense and risk associated with fully integrated solutions.

RMSify can be installed quickly and easily, and configured with a minimal amount of fuss, all without the need for an expensive consultant, or detailed technical knowledge of RMS or Shopify. If you can use RMS, you can use RMSify.

Using RMSify means you have total integration of your products across your sales channels. Items...   RMSify makes it easy for retailers using Microsoft Dynamics RMS to start trading online without the expense and risk associated with fully integrated solutions.

RMSify can be installed quickly and easily, and configured with a minimal amount of fuss, all without the need for an expensive consultant, or detailed technical knowledge of RMS or Shopify. If you can use RMS, you can use RMSify.

Using RMSify means you have total integration of your products across your sales channels. Items...  more    ",Rating (5),8,"January 25, 2013","Inventory tracking, Inventory sync, Inventory tracking, Inventory sync",support@k3retail.com
KOREALY‑Dropship Korea Items ," Dropshipping KOREA BRANDS & PRODUCTS  Korealy is a platform that makes it easy to find various products from Korea(South) and add them to your online store. Korealy is the special app to dropship HIGH-QUALITY KOREA(South) BRANDS and PRODUCTS.

With Korealy, you can access a huge variety of Korea(South) brands and products with just a few clicks - from beauty, toy, fashion, entertainment(K-pop), food to the next trending products. All the products are 100% authentic guaranteed.   Korealy is a platform that makes it easy to find various products from Korea(South) and add them to your online store. Korealy is the special app to dropship HIGH-QUALITY KOREA(South) BRANDS and PRODUCTS.

With Korealy, you can access a huge variety of Korea(South) brands and products with just a few clicks - from beauty, toy, fashion, entertainment(K-pop), food to the next trending products. All the products are 100% authentic guaranteed.  more         Dropshipping High-quality Korea(South) Brands and Products with fast-shipping.         We pick, pack, ship, and provide customer service for all products.         We will give it to you at wholesale price.         Worldwide Shipping Service         Offer media of packing process    ",Rating (2.9),5,"March 11, 2021","Dropshipping, Dropshipping",hello@korealy.co
Kakaclo ‑Clothing Dropshipping ," Clothing B2B Marketplace. Thousands of products from hundreds of Verified China/US Suppliers  KakaClo provides professional dropshipping and a customization service with its own factory and integrated supply chain. We have Everything you need to build a growing business   KakaClo provides professional dropshipping and a customization service with its own factory and integrated supply chain. We have Everything you need to build a growing business  more         US Warehouse: Keep inventory on hand in the US, ready to ship out to customers!         Hassle Free: Automatically place Dropshipping orders and provide tracking info.         Various Style: Over 1,000,000 SKUs are Available and updated on a daily base.    ",Rating (4.9),303,"January 25, 2022","Dropshipping, Finding suppliers, Dropshipping, Finding suppliers",support@kakaclo.com
Custom Reviews ," With Custom Reviews you can add custom built, unique forms to all products or static pages.  Build up your own form or use pre-built templates. Use it for product reviews, store feedback, contact form or any kind of forms you want.
Look of forms and reviews inherit the styles of your site. Or you can add custom styles for each element.
Customer feedbacks can help you to increase the sales of your products and achiveve higher customer satisfaction.   Build up your own form or use pre-built templates. Use it for product reviews, store feedback, contact form or any kind of forms you want.
Look of forms and reviews inherit the styles of your site. Or you can add custom styles for each element.
Customer feedbacks can help you to increase the sales of your products and achiveve higher customer satisfaction.  more         Easily customizable forms: build up your own form or use pre-built templates         Multi-purpose: use it for product reviews, store feedback, contact form or any k         Theme-friendly design: forms and reviews fits into your store’s design         Reviews from your customers: read, reply or moderate your reviews    ",Rating (3),4,"November 9, 2015","Product reviews, Product reviews",support@customreviews.net
Kaching Bundle Quantity Breaks ," Create volume discount bundles in your product page to increase average order value and sell more.  Boost your sales with our bundle discount app. Easily create tiered pricing options and publish them to your selected product pages. Our app is designed to fit every store and we’re constantly adding new features. Unlike other apps which use draft orders or generate discount codes, our app uses Shopify Functions which results in the best user experience for you and your buyers.   Boost your sales with our bundle discount app. Easily create tiered pricing options and publish them to your selected product pages. Our app is designed to fit every store and we’re constantly adding new features. Unlike other apps which use draft orders or generate discount codes, our app uses Shopify Functions which results in the best user experience for you and your buyers.  more         Select which products or collections are eligible for volume discount.         Discount can be set in percentage, dollar discount or specific price.         Adjust the colors and styling to match your store\'s look & feel.         See how much additional revenue this app generated in the dashboard.         Shopify native user friendly experience & helpful live customer support.    ",Rating (5),127,"August 11, 2022","Product bundles, Buy one, get one (BOGO), Product bundles, Buy one, get one (BOGO)",rt5vdppa@kaching-appz.intercom-mail.com
Kaktus ‑ PreOrder Now Presale ," Increase your website\'s revenue by selling products even when they’re out of stock  Replace the default annoying \""Out of Stock\"" button with an inviting \""Pre-Order\"" button. Pre-sell products even when they’re out of stock or coming soon. It\'s, enhances selling, and makes a better customer experience. Customers like to make pre-orders for their favorite products which are out of stock or coming soon. Create hype around new product launches by offering them available for pre-order. Allow your customers to buy products before they become available, and increase your AOV.   Replace the default annoying \""Out of Stock\"" button with an inviting \""Pre-Order\"" button. Pre-sell products even when they’re out of stock or coming soon. It\'s, enhances selling, and makes a better customer experience. Customers like to make pre-orders for their favorite products which are out of stock or coming soon. Create hype around new product launches by offering them available for pre-order. Allow your customers to buy products before they become available, and increase your AOV.  more         Continue selling of out-of-stock products with “Pre-Order & PreSale” buttons         Simple campaign setup & installation in just a few clicks         Track revenue and AOV with powerful analytics         Improve customer experience by not interrupting selling if items are unavailable         Fully customizable templates to suit your store    ",Rating (5),148,"June 22, 2022","Pre-orders, Back in stock alert, Pre-orders, Back in stock alert",+380930008893
Kacha Delete Products In Bulk ," Quickly delete products automatically!  Simple and easy to use, automatically delete products according to your conditions, no longer need to click one by one, safe and efficient!   Simple and easy to use, automatically delete products according to your conditions, no longer need to click one by one, safe and efficient!  more         Multiple criteria to delete products         Fully automatic product removal         Simple functions and user-friendly interface    ",Rating (4.9),41,"September 9, 2021","Bulk editor, Bulk editor",happyxlq@gmail.com
Kava Sections: Page Builder ," Professionally designed theme sections. No-code landing page builder.  Kava Sections is a library of hand-crafted, professionally designed sections and landing page editor you can use on any theme page. The app is a smart solution to improve the current theme by easily adding well-designed sections to increase the conversion rates that will stand your store out from competitors. 

Kava Sections turns a complex design and development cycle from weeks to hours giving you the freedom to design store pages that match your brand identity.   Kava Sections is a library of hand-crafted, professionally designed sections and landing page editor you can use on any theme page. The app is a smart solution to improve the current theme by easily adding well-designed sections to increase the conversion rates that will stand your store out from competitors. 

Kava Sections turns a complex design and development cycle from weeks to hours giving you the freedom to design store pages that match your brand identity.  more         All sections are built considering marketing needs & easily customizable.         Adds ready-to-use sections to your pages to improve the theme layout.         Use well-designed sections to promote brand value proposition.         Showcase your bestsellers, introduce the team and partners to build trust.    ",Rating (4.8),9,"August 9, 2022","Page builder, Store pages - Other, Page builder, Store pages - Other",+48735647235
Kickflip ‑ Customize Products ," Endless customization possibilities in a stunning visual buying experience. Top rated app on G2.  Allow your customers to add color variants, text, images or any component options to any kind of custom product. Help them visualize the unlimited product variants you may offer with a live preview displayed in multiple perspectives. For simple to complex customizations, Kickflip is the most user-friendly customizer. Empower your customers creativity, increase their engagement & boost conversions with the best product personalizer experience.   Allow your customers to add color variants, text, images or any component options to any kind of custom product. Help them visualize the unlimited product variants you may offer with a live preview displayed in multiple perspectives. For simple to complex customizations, Kickflip is the most user-friendly customizer. Empower your customers creativity, increase their engagement & boost conversions with the best product personalizer experience.  more         Text & image personalization : add text, fonts, image, logo on the product         Multi-component: Add/remove or customize pieces of a product in a live preview         Dynamic pricing: Different price per options & view a live update of total price         High-quality previews: Real-time product preview within multiple perspectives         Live coloring: Apply colors dynamically on customizable areas of your product    ",Rating (4.9),60,"February 12, 2020","Product options, Product display - Other, Product options, Product display - Other",1-888-340-8428
Keeper—Recover Abandoned Carts ," Increase sales by remembering customers’ abandoned shopping cart details across multiple devices.  Recover carts and increase sales.
With Keeper, customers who login across multiple devices will find their shopping cart waiting for them, ready to complete their order.

How does it work?
When a customer who has started shopping on one device (i.e. their mobile), logs into your store on another device (i.e. their laptop), they’ll find their shopping cart waiting for them. This makes it easy to complete their order, resulting in more sales for your store.

Recover more abandoned carts today!   Recover carts and increase sales.
With Keeper, customers who login across multiple devices will find their shopping cart waiting for them, ready to complete their order.

How does it work?
When a customer who has started shopping on one device (i.e. their mobile), logs into your store on another device (i.e. their laptop), they’ll find their shopping cart waiting for them. This makes it easy to complete their order, resulting in more sales for your store.

Recover more abandoned carts today!  more         Increase revenue: Keeper reduces abandoned shopping carts and increases orders.         Set and forget: Simply install and Keeper will recover carts automatically.         Seamless or customer: Keeper makes shopping across multiple devices easy.    ",Rating (4.3),507,"November 8, 2016","Cart modification, Cart modification",support@recovermycart.com
Kable Digital Products ," Start selling your digital products today - it\'s easy, secure, and trusted by hundreds of shops!  Start making money with digital products today! It\'s a low-cost, low-risk way to experiment and create multiple streams of income. Our platform makes it easy to sell a wide range of digital products: photography, music, courses, ebooks, PDFs, tutorials, digital art, printables, online memberships, software, vouchers, recipes, apps, podcasts, videos and films, photo effects, audiobooks, research and data, guides, templates, Procreate brushes, fitness classes, yoga classes, and much more.   Start making money with digital products today! It\'s a low-cost, low-risk way to experiment and create multiple streams of income. Our platform makes it easy to sell a wide range of digital products: photography, music, courses, ebooks, PDFs, tutorials, digital art, printables, online memberships, software, vouchers, recipes, apps, podcasts, videos and films, photo effects, audiobooks, research and data, guides, templates, Procreate brushes, fitness classes, yoga classes, and much more.  more         Sell any digital product, anywhere - license keys, vouchers, streaming, & more.         Own your brand. Keep your brand, customize beautiful templates, no-code setup.         Custom and personalized digital files downloads for each order.         Limit downloads and access time. Secure with access code or license key.         Securely stream audio/video in the browser if your products require it    ",Rating (5),13,"July 21, 2020","Digital downloads, Digital downloads",digital.products@kablecommerce.com
Kaching Custom Cursor ,"   Personalize your store with custom cursor and stand out from most of websites. Leave a memobrable impression to your customers so they could easily recognize your brand.

We help you do it by providing more than 100 custom cursors to choose from and even letting you upload a custom cursor yourself. Let\'s be honest, default cursors are boring, so if you are trying to stand out with fun and personalized theme, do not forget to add a custom cursor as well.

The installation and the app itself is...   Personalize your store with custom cursor and stand out from most of websites. Leave a memobrable impression to your customers so they could easily recognize your brand.

We help you do it by providing more than 100 custom cursors to choose from and even letting you upload a custom cursor yourself. Let\'s be honest, default cursors are boring, so if you are trying to stand out with fun and personalized theme, do not forget to add a custom cursor as well.

The installation and the app itself is...  more    ",Rating (5),7,"March 31, 2022","Page enhancements - Other, Page enhancements - Other",support@kachingappz.zendesk.com
Katana Manufacturing ERP ," Inventory management and manufacturing software. Supports in-house and outsourced production  Katana is a manufacturing ERP that provides you with a live look at all the moving parts of your business — manufacturing, procurement, inventory, and beyond.

Optimize stock management with live inventory data, and set up stock sync between multiple Shopify stores and Katana to ensure accurate stock quantities. MRP features include live raw materials and inventory management, bill of materials (BOM) and product recipes, production schedules, barcode scanning, restock points, and more.   Katana is a manufacturing ERP that provides you with a live look at all the moving parts of your business — manufacturing, procurement, inventory, and beyond.

Optimize stock management with live inventory data, and set up stock sync between multiple Shopify stores and Katana to ensure accurate stock quantities. MRP features include live raw materials and inventory management, bill of materials (BOM) and product recipes, production schedules, barcode scanning, restock points, and more.  more         Optimize inventory, manufacturing, production, and scheduling in one place         Track batches, materials, and expiry dates to help you predict inventory levels         Sync stock and orders across all your online and offline stores (including POS)         Shop Floor App with real-time production scheduling and clear task lists         Track inventory, raw materials, and purchase orders across multiple warehouses    ",Rating (4.9),143,"March 20, 2019
          ·","Inventory optimization, Inventory tracking, Inventory optimization, Inventory tracking",support@katanamrp.com
Kin Custom ," Kin Custom offers POD apparel, bags, and shoes with no minimums, custom branding, and drop shipping.  Kin Custom + Shopify gives you one platform to sell, market, and manage everything in one place. We provide the design tools, products, and logistics, and Shopify gives you the storefront and marketing capabilities. 
We save you time and money by offering product and model mockups to avoid the expensive cost of photoshoots so your customers can see your designed merchandise on real bodies and real products. 
Our easy-to-use design tool is your portal to custom, on-demand printing!   Kin Custom + Shopify gives you one platform to sell, market, and manage everything in one place. We provide the design tools, products, and logistics, and Shopify gives you the storefront and marketing capabilities. 
We save you time and money by offering product and model mockups to avoid the expensive cost of photoshoots so your customers can see your designed merchandise on real bodies and real products. 
Our easy-to-use design tool is your portal to custom, on-demand printing!  more         Create products to sell in the Kin Custom App in Shopify.         No minimums on a variety of products: all-over print shoes, bags & apparel.         Industry-leading custom branding for only $1.99 per product.         Focus more on creative design, and less on the logistics with drop shipping.    ",Rating (3.3),76,"March 6, 2019","Dropshipping, Print on demand (POD), Dropshipping, Print on demand (POD)",info@kincustom.com
KartDiscount ‑ Coupon on Cart  ," Boost your sales with Discount field on cart page, Stack Discount, Discount Finder & Shipping Bar  # APP FEATURES 

1. Show Discount Field on Cart Page and Side Drawer.
2. Stack Multiple Discount on Single Order.
Example: 1 Automatic Discount + 1 Coupon code discount
Example: 5% off on jeans, and 10% off on shoe if customer has both jeans and shoe in cart

3. Discount Combination: Generate combined discount codes, that will be equal to applying 2 discount codes in stack, just like the above point.   # APP FEATURES 

1. Show Discount Field on Cart Page and Side Drawer.
2. Stack Multiple Discount on Single Order.
Example: 1 Automatic Discount + 1 Coupon code discount
Example: 5% off on jeans, and 10% off on shoe if customer has both jeans and shoe in cart

3. Discount Combination: Generate combined discount codes, that will be equal to applying 2 discount codes in stack, just like the above point.  more         Automatic Discount         Set up shipping estimation and free shipping bar         Discount Finder: Allow your customers to find discounts easily.    ",Rating (4.7),162,"June 11, 2019","Cart modification, Discounts, Cart modification, Discounts",What's App: +91 83000 83002
Keep & Share Your Cart ," Let your customers help you build your brand and increase visibility by sharing their cart contents  With ‘Keep & Share Your Cart’ you can let your customers share their cart contents with family and friends via email, link, or social media such as WhatsApp, Facebook, Twitter, LinkedIn, Pinterest, Telegram, Weibo, or Reddit.
Bring the demanded ‘share cart’ feature to your store in just one-click installation and start displaying social share buttons on the cart page. Allow prospective customers to easily share their shopping journey online and prevent abandoned carts with little effort.   With ‘Keep & Share Your Cart’ you can let your customers share their cart contents with family and friends via email, link, or social media such as WhatsApp, Facebook, Twitter, LinkedIn, Pinterest, Telegram, Weibo, or Reddit.
Bring the demanded ‘share cart’ feature to your store in just one-click installation and start displaying social share buttons on the cart page. Allow prospective customers to easily share their shopping journey online and prevent abandoned carts with little effort.  more         Choose your preferred social share buttons to be displayed on the cart page         Readily configure the widget position on the cart page         Preview the widget before going live         Compatible with all themes and fully customizable         Easy installation process, no coding or template modification required    ",Rating (5),6,"May 18, 2021","Cart modification, Social proof, Cart modification, Social proof",support@codeblackbelt.com
Kaufland.de Integration ," The Kaufland.de integration app helps import and sync products from Store to Kaufland.de  Advanced dashboard
Automated Products Syncing
Advanced Order Management
High-Resolution Images   Advanced dashboard
Automated Products Syncing
Advanced Order Management
High-Resolution Images  more         Upload products, manage listings, inventory, and keep track of sales         Stay ahead of your competition by increasing or decreasing products\' prices app         Avoid overselling by synchronizing Store with a Kaufland.de account in real-time    ",Rating (4.5),38,"November 17, 2021","Inventory sync, Order sync, Inventory sync, Order sync",(+1) (888)-882-0953
Yurtiçi Kargo ," Sipariş sonrası kargo takip kodu entegrasyonu. Kapıda Ödemeli kargo için uygun + Özel Kargo Etiketi  Yurtiçi Kargo Shopify Entegrasyon uygulaması, sipariş sonrası kargo süreçlerinizi otomatik hale getirir. Kargo Takip Kodu ile ilgili bilgileri Yurtiçi Kargo sisteminden alır ve sipariş içerisine ekler. Müşteriyi Email ve SMS ile bilgilendirir. Kargo teslim edildiğinde siparişi otomatik arşivler. Gönderici ödemeli ve Kapıda Ödemeli kargo türleri için uygundur. Tahsilatlı kargolar için tutarı sipariş toplamından alarak kapıda ödenmesini sağlar. Kullanmak için Yurtiçi Kargo API bilgileri gerekir.   Yurtiçi Kargo Shopify Entegrasyon uygulaması, sipariş sonrası kargo süreçlerinizi otomatik hale getirir. Kargo Takip Kodu ile ilgili bilgileri Yurtiçi Kargo sisteminden alır ve sipariş içerisine ekler. Müşteriyi Email ve SMS ile bilgilendirir. Kargo teslim edildiğinde siparişi otomatik arşivler. Gönderici ödemeli ve Kapıda Ödemeli kargo türleri için uygundur. Tahsilatlı kargolar için tutarı sipariş toplamından alarak kapıda ödenmesini sağlar. Kullanmak için Yurtiçi Kargo API bilgileri gerekir.  more         Sipariş sonrasında Kargo Takip Kodu otomatik olarak alınarak siparişe eklenir.         Takip kodu geldiğinde müşteriye otomatik olarak Email ve SMS gönderilir.         Kapıda Ödemeli Kargolar (Tahsilatlı Kargo) için uygundur.         Otomatik Kargo seçimi ile tüm kargolarınızın işlemleri hızlı yapılabilmektedir.         Toplu Etiket ve Sevk İrsaliyesi ile tüm kargolarınızın barkodu anda basılabilir.    ",Rating (5),11,"December 29, 2020","Customer order tracking, Shipping labels, Customer order tracking, Shipping labels",902129630729
Kedora ‑ Survey & Reward ," Create personalized surveys and reward them. Knowing your buyers can help increase product sales.  With Kedora Survey & Reward you can create an unlimited number of custom survey. Setting up a post-purchase survey will allow you to collect additional information about your buyers. In exchange for a response, you can offer them a reward. This reward will allow you to increase your post-purchase orders. We also have a comprehensive dashboard that will allow you to analyze the responses and post-purchase orders. And we have many integrations like Klaviyo and Flow.   With Kedora Survey & Reward you can create an unlimited number of custom survey. Setting up a post-purchase survey will allow you to collect additional information about your buyers. In exchange for a response, you can offer them a reward. This reward will allow you to increase your post-purchase orders. We also have a comprehensive dashboard that will allow you to analyze the responses and post-purchase orders. And we have many integrations like Klaviyo and Flow.  more         Create a custom survey         Customize the survey and reward with many possibilities         Analyze your data easily         Integrate and export your data         Customer support available    ",Rating (5),4,"February 10, 2022","Feedback and surveys, Feedback and surveys",support@kedora-studio.com
Kaleido Fundraiser ," Raise funds, incentivize others to do the same, and help everyone along the way.  We\'ve created Fundraiser with a singular goal in mind - to help you help the world. The way the app works is very simple. When the order comes in, you designate a portion of it for a certain worthy fundraising goal (bear in mind that we don\'t touch your money, you are the one responsible for transferring it, we just show how you are doing it). 

You have 2 ways of setting the Fundraiser up: Tips or Percentage of sales. Use our small content builder to integrate a progress bar too.   We\'ve created Fundraiser with a singular goal in mind - to help you help the world. The way the app works is very simple. When the order comes in, you designate a portion of it for a certain worthy fundraising goal (bear in mind that we don\'t touch your money, you are the one responsible for transferring it, we just show how you are doing it). 

You have 2 ways of setting the Fundraiser up: Tips or Percentage of sales. Use our small content builder to integrate a progress bar too.  more         Fundraising your way. Checkout tips or percentage of sales         Unlimited Customization. Use our content builder to achieve the perfect look         1 Click Installation    ",Rating (3.9),10,"August 25, 2020","Donations, Donations",support@kaleido.club
HTML Meta Keywords Builder EX ,"   HTML Meta Keywords is a key factor in Search Engine Optimization (SEO). The default Shopify Admin doesn\'t support HTML Meta Keywords. It is a problem that search engine cannot crawl and index sufficient information with your website that impact Search Engine Results Page (SERP).

This app allows you to add Meta Keywords in HTML source code to your Shopify store. It makes modification with Homepage, Products, Collections, Pages, Blogs & Articles sections. It helps store owners to resolve the...   HTML Meta Keywords is a key factor in Search Engine Optimization (SEO). The default Shopify Admin doesn\'t support HTML Meta Keywords. It is a problem that search engine cannot crawl and index sufficient information with your website that impact Search Engine Results Page (SERP).

This app allows you to add Meta Keywords in HTML source code to your Shopify store. It makes modification with Homepage, Products, Collections, Pages, Blogs & Articles sections. It helps store owners to resolve the...  more    ",Rating (4),3,"September 29, 2021","SEO, Search engine optimization - Other, SEO, Search engine optimization - Other",support@cloudian.com.hk
GurmeHub Kargo Entegrator ," Siparişleriniz için anlaşmalı olduğunuz kargo firmaları tarafından teslimat kodu ve barkod oluşturun  Siparişleriniz için anlaşmalı olduğunuz kargo firmaları ile teslimat kodu oluşturabilir ve hızlı bir şekilde barkod çıktısı alabilirsiniz. Müşterilerinize SMS bildirimi sağlayın. Yurtiçi Kargo, Aras Kargo, PTT Kargo, UPS Kargo, Sendeo Kargo, MNG Kargo ve çok daha fazlası için kullanabilirsiniz.   Siparişleriniz için anlaşmalı olduğunuz kargo firmaları ile teslimat kodu oluşturabilir ve hızlı bir şekilde barkod çıktısı alabilirsiniz. Müşterilerinize SMS bildirimi sağlayın. Yurtiçi Kargo, Aras Kargo, PTT Kargo, UPS Kargo, Sendeo Kargo, MNG Kargo ve çok daha fazlası için kullanabilirsiniz.  more         Birden fazla kargo firması entegrasyonu
Geniş SMS gönderim sağlayıcı desteği         Toplu barkod çıkartma
Farklı boyutlarda teslim çıktısı oluşturma         Kapıda Ödemeli Gönderim
Alıcı/Gönderici Ödeme
daha bir çok özellik    ",Rating (5),1,"April 29, 2022
          ·","Packing slips, Packing slips",+905527161084
KamiChat ," Provides store with a fast chat button, customers can quickly communicate through chat portal  Kami Chat is a live chat tool for Shopify store owner to help facilitate order transactions. Shopify store owners can communicate more efficiently with their customers and solve their problems. You can set up your own customer service team to serve your customers in real time and efficiently. Learn more about your customer service team\'s performance and analyse the quality of customer service with the statistics and historical chat records.   Kami Chat is a live chat tool for Shopify store owner to help facilitate order transactions. Shopify store owners can communicate more efficiently with their customers and solve their problems. You can set up your own customer service team to serve your customers in real time and efficiently. Learn more about your customer service team\'s performance and analyse the quality of customer service with the statistics and historical chat records.  more         Supports multiple team members management         Supports the installation of chat portals on all pages of your store         Fast activation experience. Supports quick login from Shopify.    ",Rating (5),1,"February 8, 2023","Chat, Chat",kamichat@silvrrtechnology.com
Kangaroo: Loyalty and Rewards ," Kangaroo is a globally recognized rewards platform to help build brand loyalty.  Kangaroo is a digital loyalty platform to increase sales, drive traffic and reduce churn.

Your Kangaroo loyalty program can be fully customized to engage customers with personalized offers and rewards, targeted marketing & segmentation, referrals, VIP tiers, and omnichannel solutions. Monitor and adjust your program based on customer behavior and trends so you can own your customer data.   Kangaroo is a digital loyalty platform to increase sales, drive traffic and reduce churn.

Your Kangaroo loyalty program can be fully customized to engage customers with personalized offers and rewards, targeted marketing & segmentation, referrals, VIP tiers, and omnichannel solutions. Monitor and adjust your program based on customer behavior and trends so you can own your customer data.  more         Custom branded with your business colors, logo, graphics, and images.         Encourage repeat purchases with points per dollar, offers and redemptions.         Target customers with relevant offers via SMS, email, and push notifications.         Create loyal brand advocates with our referral engine.    ",Rating (5),1,"March 4, 2022","Discounts, Email marketing, Discounts, Email marketing",8444456925
Karix SMS and WhatsApp Notify ,"   Karix SMS and WhatsApp Notify brings you quick and scalable access to business messaging capabilities that enables customer communications across channels like WhatsApp and SMS. It assists in deploying campaigns that can help brands establish a stronger bond with customers and increase their conversion rates and sales:

Here are our top 3 favorite ways of making the most of this plugin:

1.	Send cart abandonment reminders:
Deploy campaigns through WhatsApp and SMS to include personalized...   Karix SMS and WhatsApp Notify brings you quick and scalable access to business messaging capabilities that enables customer communications across channels like WhatsApp and SMS. It assists in deploying campaigns that can help brands establish a stronger bond with customers and increase their conversion rates and sales:

Here are our top 3 favorite ways of making the most of this plugin:

1.	Send cart abandonment reminders:
Deploy campaigns through WhatsApp and SMS to include personalized...  more    ",Rating (5),1,"November 19, 2021","SMS marketing, Notifications - Other, SMS marketing, Notifications - Other",adave@karix.com
Kickbooster ,"   #What’s affiliate marketing?
Affiliate marketing (sometimes called referral marketing or influencer marketing) is a sales and marketing strategy where you, the merchant or store owner, encourage your customers, media partners, and brand advocates to refer new business to you in exchange for a reward when that referral leads to a sale.

#Why Kickbooster?  
Kickbooster makes it easy to set up an affiliate marketing program in minutes. Kickbooster helps you run and manage your affiliate,...   #What’s affiliate marketing?
Affiliate marketing (sometimes called referral marketing or influencer marketing) is a sales and marketing strategy where you, the merchant or store owner, encourage your customers, media partners, and brand advocates to refer new business to you in exchange for a reward when that referral leads to a sale.

#Why Kickbooster?  
Kickbooster makes it easy to set up an affiliate marketing program in minutes. Kickbooster helps you run and manage your affiliate,...  more    ",Rating (4.5),27,"November 6, 2018","Discounts, Popups, Discounts, Popups",team@kickbooster.me
Kit Karts ," Effortlessly capture lost sales with abandoned cart recovery  With automatic abandon cart recovery, you can rest easy knowing that all those lost revenue opportunities will be made up for in no time at all. Kit Karts automatically aggregates all abandoned carts from the previous day and sends them to customers whenever you prefer.   With automatic abandon cart recovery, you can rest easy knowing that all those lost revenue opportunities will be made up for in no time at all. Kit Karts automatically aggregates all abandoned carts from the previous day and sends them to customers whenever you prefer.  more         Manage abandoned carts through Kit Karts or send them automatically         This \""set-it-and-forget-it\"" app gives you the time to focus on your business         Increases your sales and customer satisfaction rates    ",Rating (4.4),449,"March 8, 2016","Abandoned cart, Abandoned cart",kitkarts@theshoppad.com
MNG Kargo ," Sipariş sonrası kargo takip kodu entegrasyonu. Kapıda Ödemeli kargo için uygun + Özel Kargo Etiketi  MNG Kargo Shopify Entegrasyon uygulaması, sipariş sonrası kargo süreçlerinizi otomatik hale getirir. Kargo Takip Kodu ile ilgili bilgileri MNG Kargo sisteminden alır ve sipariş içerisine ekler. Müşteriyi email ve SMS ile bilgilendirir. Kargonuz teslim edildiğinde siparişi otomatik arşivler. Gönderici ödemeli ve Kapıda Ödemeli kargo türleri için uygundur. Tahsilatlı kargolar için tutarı sipariş toplamından alarak kapıda ödenmesini sağlar. Kullanmak için MNG Kargo API bilgileri gerekmektedir.   MNG Kargo Shopify Entegrasyon uygulaması, sipariş sonrası kargo süreçlerinizi otomatik hale getirir. Kargo Takip Kodu ile ilgili bilgileri MNG Kargo sisteminden alır ve sipariş içerisine ekler. Müşteriyi email ve SMS ile bilgilendirir. Kargonuz teslim edildiğinde siparişi otomatik arşivler. Gönderici ödemeli ve Kapıda Ödemeli kargo türleri için uygundur. Tahsilatlı kargolar için tutarı sipariş toplamından alarak kapıda ödenmesini sağlar. Kullanmak için MNG Kargo API bilgileri gerekmektedir.  more         Sipariş sonrasında Kargo Takip Kodu otomatik olarak alınarak siparişe eklenir.         Takip kodu geldiğinde müşteriye otomatik olarak Email ve SMS gönderilir.         Kapıda Ödemeli Kargolar (Tahsilatlı Kargo) için uygundur.         Toplu Etiket ve Sevk İrsaliyesi ile tüm kargolarınızın barkodu anda basılabilir.    ",Rating (5),2,"January 19, 2021","Shipping labels, Shipping labels",902129630729
Keep on Hold Wishlist ," Keep on Hold Wishlist. Boost Sales & Loyalty. One-Click Save-for-Later Button!  Keep on Hold adds \""Add to Wishlist\"" button to product pages. Shoppers can \""save for later\"" items in the cart instead of removing them to be forgotten. Keep on Hold turns abandoned cart items into a wishlist for future purchases. Integration with Shopify login allows the wishlist to be saved across multiple devices. Keep on Hold analytics help generate more sales by displaying cart transactions (adds/removes) and which products are in the wishlist to follow up with customers.   Keep on Hold adds \""Add to Wishlist\"" button to product pages. Shoppers can \""save for later\"" items in the cart instead of removing them to be forgotten. Keep on Hold turns abandoned cart items into a wishlist for future purchases. Integration with Shopify login allows the wishlist to be saved across multiple devices. Keep on Hold analytics help generate more sales by displaying cart transactions (adds/removes) and which products are in the wishlist to follow up with customers.  more         Save removed cart items from cart page. Product page wishlist button.         Customize language and icon based on your theme.         Optional login for shoppers to save their wishlist across devices.         Reports of cart and wishlist transactions and populate products on you store.         Boost Sales & Loyalty by allowing your shoppers to save items for later.    ",Rating (4.4),8,"March 18, 2021","Wishlists, Wishlists",support@keeponhold.com
Keepoala: Return Analytics ," Keepoala is your digital return expert. Your average return quota: -5%. Your average CLV: +27%.  With Keepoala, we incentivize your customers to avoid returns by granting points for not sending back online orders. This is done with the help of a standalone Keepoala App + integrated loyalty program. Nudging schemes within the app have a positive effect on the individual shopping behavior and therefore on the return quota of you as a participating online shop or brand. Collected points are redeemed for vouchers, opening up a new customer acquisition channel; increasing retention as well.   With Keepoala, we incentivize your customers to avoid returns by granting points for not sending back online orders. This is done with the help of a standalone Keepoala App + integrated loyalty program. Nudging schemes within the app have a positive effect on the individual shopping behavior and therefore on the return quota of you as a participating online shop or brand. Collected points are redeemed for vouchers, opening up a new customer acquisition channel; increasing retention as well.  more         Return reduction via nudging-based loyalty program         Increased CLV & EBIT margin via less returns and low-returning repeat customers         Best in class return analytics with dashboard; additional add-on return portal    ",Rating (5),2,"April 14, 2021","Loyalty and rewards, Sales analytics, Loyalty and rewards, Sales analytics",+4915208847192
Keyshop ," Sell keys, URLs, unique numbers, or any other short text as products.  With Keyshop you can easily upload or generate thousands of keys, URLs, or any other optionally-unique text (up to 65,000 bytes) and sell them as if they were standard Shopify products.   With Keyshop you can easily upload or generate thousands of keys, URLs, or any other optionally-unique text (up to 65,000 bytes) and sell them as if they were standard Shopify products.  more         Keys can be displayed directly in the \""Thank You\"" page and/or sent by e-mail.         In addition to a list, keys can be retrieved from your website.         Items with both a key and physical shipment are supported.         Customizable templates for your fulfillment options.         Actively supported. Feel free to request new features!    ",Rating (5),1,"February 9, 2021","Digital downloads, Digital downloads",maeyanie@keyshop.app
Aras Kargo ," Sipariş sonrası kargo takip kodu entegrasyonu. Kapıda Ödemeli kargo için uygun + Özel Kargo Etiketi  Aras Kargo Shopify Entegrasyon uygulaması, sipariş sonrası kargo süreçlerinizi otomatik hale getirir. Kargo Takip Kodu ile ilgili bilgileri Aras Kargo sisteminden alır ve sipariş içerisine ekler. Müşteriyi email ve SMS ile bilgilendirir. Kargonuz teslim edildiğinde siparişi otomatik arşivler. Gönderici ödemeli ve Kapıda Ödemeli kargo türleri için uygundur. Tahsilatlı kargolar için tutarı sipariş toplamından alarak kapıda ödenmesini sağlar. Kullanmak için Aras Kargo API bilgileri gerekmektedir.   Aras Kargo Shopify Entegrasyon uygulaması, sipariş sonrası kargo süreçlerinizi otomatik hale getirir. Kargo Takip Kodu ile ilgili bilgileri Aras Kargo sisteminden alır ve sipariş içerisine ekler. Müşteriyi email ve SMS ile bilgilendirir. Kargonuz teslim edildiğinde siparişi otomatik arşivler. Gönderici ödemeli ve Kapıda Ödemeli kargo türleri için uygundur. Tahsilatlı kargolar için tutarı sipariş toplamından alarak kapıda ödenmesini sağlar. Kullanmak için Aras Kargo API bilgileri gerekmektedir.  more         Sipariş sonrasında Kargo Takip Kodu otomatik olarak alınarak siparişe eklenir.         Takip kodu geldiğinde müşteriye otomatik olarak Email ve SMS gönderilir.         Kapıda Ödemeli Kargolar (Tahsilatlı Kargo) için uygundur.         Otomatik Kargo seçimi ile tüm kargolarınızın işlemleri hızlı yapılabilmektedir.         Toplu Etiket ve Sevk İrsaliyesi ile tüm kargolarınızın barkodu anda basılabilir.    ",Rating (5),5,"February 12, 2021","Shipping labels, Order and shipping reports, Shipping labels, Order and shipping reports",902129630729
